<?xml version="1.0" encoding="UTF-8" ?>
<!DOCTYPE mapper PUBLIC "-//mybatis.org//DTD Mapper 3.0//EN" "http://mybatis.org/dtd/mybatis-3-mapper.dtd" >
<mapper namespace="com.wzw.study.system.dao.SysLogDao">
	<resultMap id="SysLogRM" type="com.wzw.study.system.model.SysLog">
        <result property="id" column="id"/>
        <result property="content" column="content"/>
        <result property="creator" column="creator"/>
        <result property="creatorId" column="creator_id"/>
        <result property="createTime" column="create_time"/>
	</resultMap>	
	
	<sql id="columns">
	    <![CDATA[
		sys_log.id,
		sys_log.content,
		sys_log.creator,
		sys_log.creator_id,
		sys_log.create_time
	    ]]>
	</sql>
	
	<sql id="queryWhere">
		
		<where>	      				
			<if test=" @com.wzw.study.system.utils.Ognl@isNotEmpty(id)">
				AND sys_log.id = #{id}
			</if>
			<if test=" @com.wzw.study.system.utils.Ognl@isNotEmpty(idNotEq)">
				AND sys_log.id &lt;&gt; #{idNotEq}
			</if>
			<if test=" @com.wzw.study.system.utils.Ognl@isNotEmpty(idGT)">
				AND sys_log.id &gt; #{idGT}
			</if>
			<if test=" @com.wzw.study.system.utils.Ognl@isNotEmpty(idLT)">
				AND sys_log.id &lt; #{idLT}
			</if>
			<if test=" @com.wzw.study.system.utils.Ognl@isNotEmpty(idGE)">
				AND sys_log.id &gt;= #{idGE}
			</if>
			<if test=" @com.wzw.study.system.utils.Ognl@isNotEmpty(idLE)">
				AND sys_log.id &lt;= #{idLE}
			</if>
	
			<if test=" @com.wzw.study.system.utils.Ognl@isNotEmpty(idList)">
				AND sys_log.id in
				<foreach collection="idList" item="id" index="index" open="(" close=")" separator="," >#{id}</foreach>
		    </if>
		    <if test=" @com.wzw.study.system.utils.Ognl@isNotEmpty(idNotEqList)">
				AND sys_log.id not in
				<foreach collection="idNotEqList" item="id" index="index" open="(" close=")" separator="," >#{id}</foreach>
		    </if>
		    <if test=" @com.wzw.study.system.utils.Ognl@isNotEmpty(content)">
				AND sys_log.content = #{content}
			</if>
			<if test=" @com.wzw.study.system.utils.Ognl@isNotEmpty(contentLike)">
				AND sys_log.content like CONCAT('%', CONVERT(#{contentLike}, char) ,'%') 
			</if>
			<if test=" @com.wzw.study.system.utils.Ognl@isNotEmpty(contentBeginLike)">
				AND sys_log.content like CONCAT('', CONVERT(#{contentBeginLike}, char) ,'%') 
			</if>
			<if test=" @com.wzw.study.system.utils.Ognl@isNotEmpty(contentEndLike)">
				AND sys_log.content like CONCAT('%', CONVERT(#{contentEndLike}, char) ,'') 
			</if>
		    <if test=" @com.wzw.study.system.utils.Ognl@isNotEmpty(creator)">
				AND sys_log.creator = #{creator}
			</if>
			<if test=" @com.wzw.study.system.utils.Ognl@isNotEmpty(creatorLike)">
				AND sys_log.creator like CONCAT('%', CONVERT(#{creatorLike}, char) ,'%') 
			</if>
			<if test=" @com.wzw.study.system.utils.Ognl@isNotEmpty(creatorBeginLike)">
				AND sys_log.creator like CONCAT('', CONVERT(#{creatorBeginLike}, char) ,'%') 
			</if>
			<if test=" @com.wzw.study.system.utils.Ognl@isNotEmpty(creatorEndLike)">
				AND sys_log.creator like CONCAT('%', CONVERT(#{creatorEndLike}, char) ,'') 
			</if>
			<if test=" @com.wzw.study.system.utils.Ognl@isNotEmpty(creatorId)">
				AND sys_log.creator_id = #{creatorId}
			</if>
			<if test=" @com.wzw.study.system.utils.Ognl@isNotEmpty(creatorIdNotEq)">
				AND sys_log.creator_id &lt;&gt; #{creatorIdNotEq}
			</if>
			<if test=" @com.wzw.study.system.utils.Ognl@isNotEmpty(creatorIdGT)">
				AND sys_log.creator_id &gt; #{creatorIdGT}
			</if>
			<if test=" @com.wzw.study.system.utils.Ognl@isNotEmpty(creatorIdLT)">
				AND sys_log.creator_id &lt; #{creatorIdLT}
			</if>
			<if test=" @com.wzw.study.system.utils.Ognl@isNotEmpty(creatorIdGE)">
				AND sys_log.creator_id &gt;= #{creatorIdGE}
			</if>
			<if test=" @com.wzw.study.system.utils.Ognl@isNotEmpty(creatorIdLE)">
				AND sys_log.creator_id &lt;= #{creatorIdLE}
			</if>
	
			<if test=" @com.wzw.study.system.utils.Ognl@isNotEmpty(creatorIdList)">
				AND sys_log.creator_id in
				<foreach collection="creatorIdList" item="id" index="index" open="(" close=")" separator="," >#{id}</foreach>
		    </if>
		    <if test=" @com.wzw.study.system.utils.Ognl@isNotEmpty(creatorIdNotEqList)">
				AND sys_log.creator_id not in
				<foreach collection="creatorIdNotEqList" item="id" index="index" open="(" close=")" separator="," >#{id}</foreach>
		    </if>
	        <if test="@com.wzw.study.system.utils.Ognl@isNotEmpty(createTimeBegin)">
				AND sys_log.create_time &gt;= #{createTimeBegin}
		    </if>
		    <if test=" @com.wzw.study.system.utils.Ognl@isNotEmpty(createTimeEnd)">
				AND sys_log.create_time &lt;= #{createTimeEnd}
		    </if>
		</where>
	</sql>
	
	<select id="findPage" resultMap="SysLogRM">
		SELECT 
		<include refid="columns" />
		FROM sys_log as sys_log
	    <include refid="queryWhere"/>
	    <if test="sortColumns != null">
		    ORDER BY ${sortColumns}
		</if>
	    <if test="offset != null and pageSize !=null">
	    	Limit ${offset},${pageSize}
		</if>
	</select>
	
	<select id="pageTotalCount" resultType="long">
        SELECT count(1) FROM sys_log as sys_log 
		<include refid="queryWhere"/>    
    </select>
    <delete id="deleteByMultipleId">
	    DELETE FROM sys_log
	    WHERE
		id in
        	<foreach collection="list" item="id" index="index" open="(" close=")" separator="," > #{id} </foreach>
    </delete>

    <delete id="deleteById">
        DELETE FROM sys_log 
        WHERE
        id = #{id}
    </delete>

	<delete id="deleteByQuery">
		DELETE FROM sys_log
		<include refid="queryWhere"/>
	</delete>
	<insert id="save" useGeneratedKeys="true" keyProperty="id" parameterType="com.wzw.study.system.model.SysLog">
		INSERT INTO sys_log (
			id
			<if test="content !=null">
				,content
			</if>
			<if test="creator !=null">
				,creator
			</if>
			<if test="creatorId !=null">
				,creator_id
			</if>
			<if test="createTime !=null">
				,create_time
			</if>
        
        ) VALUES (
			#{id}
			<if test="content != null">
				,#{content}
			</if>
			<if test="creator != null">
				,#{creator}
			</if>
			<if test="creatorId != null">
				,#{creatorId}
			</if>
			<if test="createTime != null">
				,#{createTime}
			</if>
        )
	</insert>
	<update id="update" parameterType="com.wzw.study.system.model.SysLog">
    
        UPDATE sys_log 
		<set>
			<if test="@com.wzw.study.system.utils.Ognl@isNotEmpty(content)">
				content = #{content},
			</if>
			<if test="@com.wzw.study.system.utils.Ognl@isNotEmpty(creator)">
				creator = #{creator},
			</if>
			<if test="@com.wzw.study.system.utils.Ognl@isNotEmpty(creatorId)">
				creator_id = #{creatorId},
			</if>
			<if test="@com.wzw.study.system.utils.Ognl@isNotEmpty(createTime)">
				create_time = #{createTime},
			</if>
		</set>
        WHERE 
	        id = #{id} 
	</update>
	
	<select id="getById" resultMap="SysLogRM">
		select 
		<include refid="columns" />
		 from sys_log where id = #{value}
	</select>
	
    <select id="getByMultipleId" resultMap="SysLogRM">
		SELECT 
		<include refid="columns" />
		FROM sys_log as sys_log
		WHERE sys_log.id in
        	<foreach collection="list" item="id" index="index" open="(" close=")" separator="," > #{id} </foreach>          
	</select>
	
	<select id="findList" resultMap="SysLogRM">
    	SELECT 
    	<include refid="columns" />
		FROM sys_log as sys_log
		<include refid="queryWhere"/>
		
		<if test="sortColumns != null">
			ORDER BY ${sortColumns}
		</if>
    </select>
</mapper>

