<?xml version="1.0" encoding="UTF-8" ?>
<!DOCTYPE mapper PUBLIC "-//mybatis.org//DTD Mapper 3.0//EN" "http://mybatis.org/dtd/mybatis-3-mapper.dtd" >
<mapper namespace="com.wzw.study.system.dao.SysMenuDao">
	<resultMap id="SysMenuRM" type="com.wzw.study.system.model.SysMenu">
        <result property="id" column="id"/>
        <result property="parentId" column="parent_id"/>
        <result property="name" column="name"/>
        <result property="css" column="css"/>
        <result property="path" column="path"/>
        <result property="permission" column="permission"/>
        <result property="sort" column="sort"/>
        <result property="creator" column="creator"/>
        <result property="creatorId" column="creator_id"/>
        <result property="createTime" column="create_time"/>
        <result property="modifyTime" column="modify_time"/>
	</resultMap>	
	
	<sql id="columns">
	    <![CDATA[
		sys_menu.id,
		sys_menu.parent_id,
		sys_menu.name,
		sys_menu.css,
		sys_menu.path,
		sys_menu.permission,
		sys_menu.sort,
		sys_menu.creator,
		sys_menu.creator_id,
		sys_menu.create_time,
		sys_menu.modify_time
	    ]]>
	</sql>
	
	<sql id="queryWhere">
		
		<where>	      				
			<if test=" @com.wzw.study.system.utils.Ognl@isNotEmpty(id)">
				AND sys_menu.id = #{id}
			</if>
			<if test=" @com.wzw.study.system.utils.Ognl@isNotEmpty(idNotEq)">
				AND sys_menu.id &lt;&gt; #{idNotEq}
			</if>
			<if test=" @com.wzw.study.system.utils.Ognl@isNotEmpty(idGT)">
				AND sys_menu.id &gt; #{idGT}
			</if>
			<if test=" @com.wzw.study.system.utils.Ognl@isNotEmpty(idLT)">
				AND sys_menu.id &lt; #{idLT}
			</if>
			<if test=" @com.wzw.study.system.utils.Ognl@isNotEmpty(idGE)">
				AND sys_menu.id &gt;= #{idGE}
			</if>
			<if test=" @com.wzw.study.system.utils.Ognl@isNotEmpty(idLE)">
				AND sys_menu.id &lt;= #{idLE}
			</if>
	
			<if test=" @com.wzw.study.system.utils.Ognl@isNotEmpty(idList)">
				AND sys_menu.id in
				<foreach collection="idList" item="id" index="index" open="(" close=")" separator="," >#{id}</foreach>
		    </if>
		    <if test=" @com.wzw.study.system.utils.Ognl@isNotEmpty(idNotEqList)">
				AND sys_menu.id not in
				<foreach collection="idNotEqList" item="id" index="index" open="(" close=")" separator="," >#{id}</foreach>
		    </if>
			<if test=" @com.wzw.study.system.utils.Ognl@isNotEmpty(parentId)">
				AND sys_menu.parent_id = #{parentId}
			</if>
			<if test=" @com.wzw.study.system.utils.Ognl@isNotEmpty(parentIdNotEq)">
				AND sys_menu.parent_id &lt;&gt; #{parentIdNotEq}
			</if>
			<if test=" @com.wzw.study.system.utils.Ognl@isNotEmpty(parentIdGT)">
				AND sys_menu.parent_id &gt; #{parentIdGT}
			</if>
			<if test=" @com.wzw.study.system.utils.Ognl@isNotEmpty(parentIdLT)">
				AND sys_menu.parent_id &lt; #{parentIdLT}
			</if>
			<if test=" @com.wzw.study.system.utils.Ognl@isNotEmpty(parentIdGE)">
				AND sys_menu.parent_id &gt;= #{parentIdGE}
			</if>
			<if test=" @com.wzw.study.system.utils.Ognl@isNotEmpty(parentIdLE)">
				AND sys_menu.parent_id &lt;= #{parentIdLE}
			</if>
	
			<if test=" @com.wzw.study.system.utils.Ognl@isNotEmpty(parentIdList)">
				AND sys_menu.parent_id in
				<foreach collection="parentIdList" item="id" index="index" open="(" close=")" separator="," >#{id}</foreach>
		    </if>
		    <if test=" @com.wzw.study.system.utils.Ognl@isNotEmpty(parentIdNotEqList)">
				AND sys_menu.parent_id not in
				<foreach collection="parentIdNotEqList" item="id" index="index" open="(" close=")" separator="," >#{id}</foreach>
		    </if>
		    <if test=" @com.wzw.study.system.utils.Ognl@isNotEmpty(name)">
				AND sys_menu.name = #{name}
			</if>
			<if test=" @com.wzw.study.system.utils.Ognl@isNotEmpty(nameLike)">
				AND sys_menu.name like CONCAT('%', CONVERT(#{nameLike}, char) ,'%') 
			</if>
			<if test=" @com.wzw.study.system.utils.Ognl@isNotEmpty(nameBeginLike)">
				AND sys_menu.name like CONCAT('', CONVERT(#{nameBeginLike}, char) ,'%') 
			</if>
			<if test=" @com.wzw.study.system.utils.Ognl@isNotEmpty(nameEndLike)">
				AND sys_menu.name like CONCAT('%', CONVERT(#{nameEndLike}, char) ,'') 
			</if>
		    <if test=" @com.wzw.study.system.utils.Ognl@isNotEmpty(css)">
				AND sys_menu.css = #{css}
			</if>
			<if test=" @com.wzw.study.system.utils.Ognl@isNotEmpty(cssLike)">
				AND sys_menu.css like CONCAT('%', CONVERT(#{cssLike}, char) ,'%') 
			</if>
			<if test=" @com.wzw.study.system.utils.Ognl@isNotEmpty(cssBeginLike)">
				AND sys_menu.css like CONCAT('', CONVERT(#{cssBeginLike}, char) ,'%') 
			</if>
			<if test=" @com.wzw.study.system.utils.Ognl@isNotEmpty(cssEndLike)">
				AND sys_menu.css like CONCAT('%', CONVERT(#{cssEndLike}, char) ,'') 
			</if>
		    <if test=" @com.wzw.study.system.utils.Ognl@isNotEmpty(path)">
				AND sys_menu.path = #{path}
			</if>
			<if test=" @com.wzw.study.system.utils.Ognl@isNotEmpty(pathLike)">
				AND sys_menu.path like CONCAT('%', CONVERT(#{pathLike}, char) ,'%') 
			</if>
			<if test=" @com.wzw.study.system.utils.Ognl@isNotEmpty(pathBeginLike)">
				AND sys_menu.path like CONCAT('', CONVERT(#{pathBeginLike}, char) ,'%') 
			</if>
			<if test=" @com.wzw.study.system.utils.Ognl@isNotEmpty(pathEndLike)">
				AND sys_menu.path like CONCAT('%', CONVERT(#{pathEndLike}, char) ,'') 
			</if>
		    <if test=" @com.wzw.study.system.utils.Ognl@isNotEmpty(permission)">
				AND sys_menu.permission = #{permission}
			</if>
			<if test=" @com.wzw.study.system.utils.Ognl@isNotEmpty(permissionLike)">
				AND sys_menu.permission like CONCAT('%', CONVERT(#{permissionLike}, char) ,'%') 
			</if>
			<if test=" @com.wzw.study.system.utils.Ognl@isNotEmpty(permissionBeginLike)">
				AND sys_menu.permission like CONCAT('', CONVERT(#{permissionBeginLike}, char) ,'%') 
			</if>
			<if test=" @com.wzw.study.system.utils.Ognl@isNotEmpty(permissionEndLike)">
				AND sys_menu.permission like CONCAT('%', CONVERT(#{permissionEndLike}, char) ,'') 
			</if>
			<if test=" @com.wzw.study.system.utils.Ognl@isNotEmpty(sort)">
				AND sys_menu.sort = #{sort}
			</if>
			<if test=" @com.wzw.study.system.utils.Ognl@isNotEmpty(sortNotEq)">
				AND sys_menu.sort &lt;&gt; #{sortNotEq}
			</if>
			<if test=" @com.wzw.study.system.utils.Ognl@isNotEmpty(sortGT)">
				AND sys_menu.sort &gt; #{sortGT}
			</if>
			<if test=" @com.wzw.study.system.utils.Ognl@isNotEmpty(sortLT)">
				AND sys_menu.sort &lt; #{sortLT}
			</if>
			<if test=" @com.wzw.study.system.utils.Ognl@isNotEmpty(sortGE)">
				AND sys_menu.sort &gt;= #{sortGE}
			</if>
			<if test=" @com.wzw.study.system.utils.Ognl@isNotEmpty(sortLE)">
				AND sys_menu.sort &lt;= #{sortLE}
			</if>
	
			<if test=" @com.wzw.study.system.utils.Ognl@isNotEmpty(sortList)">
				AND sys_menu.sort in
				<foreach collection="sortList" item="id" index="index" open="(" close=")" separator="," >#{id}</foreach>
		    </if>
		    <if test=" @com.wzw.study.system.utils.Ognl@isNotEmpty(sortNotEqList)">
				AND sys_menu.sort not in
				<foreach collection="sortNotEqList" item="id" index="index" open="(" close=")" separator="," >#{id}</foreach>
		    </if>
		    <if test=" @com.wzw.study.system.utils.Ognl@isNotEmpty(creator)">
				AND sys_menu.creator = #{creator}
			</if>
			<if test=" @com.wzw.study.system.utils.Ognl@isNotEmpty(creatorLike)">
				AND sys_menu.creator like CONCAT('%', CONVERT(#{creatorLike}, char) ,'%') 
			</if>
			<if test=" @com.wzw.study.system.utils.Ognl@isNotEmpty(creatorBeginLike)">
				AND sys_menu.creator like CONCAT('', CONVERT(#{creatorBeginLike}, char) ,'%') 
			</if>
			<if test=" @com.wzw.study.system.utils.Ognl@isNotEmpty(creatorEndLike)">
				AND sys_menu.creator like CONCAT('%', CONVERT(#{creatorEndLike}, char) ,'') 
			</if>
			<if test=" @com.wzw.study.system.utils.Ognl@isNotEmpty(creatorId)">
				AND sys_menu.creator_id = #{creatorId}
			</if>
			<if test=" @com.wzw.study.system.utils.Ognl@isNotEmpty(creatorIdNotEq)">
				AND sys_menu.creator_id &lt;&gt; #{creatorIdNotEq}
			</if>
			<if test=" @com.wzw.study.system.utils.Ognl@isNotEmpty(creatorIdGT)">
				AND sys_menu.creator_id &gt; #{creatorIdGT}
			</if>
			<if test=" @com.wzw.study.system.utils.Ognl@isNotEmpty(creatorIdLT)">
				AND sys_menu.creator_id &lt; #{creatorIdLT}
			</if>
			<if test=" @com.wzw.study.system.utils.Ognl@isNotEmpty(creatorIdGE)">
				AND sys_menu.creator_id &gt;= #{creatorIdGE}
			</if>
			<if test=" @com.wzw.study.system.utils.Ognl@isNotEmpty(creatorIdLE)">
				AND sys_menu.creator_id &lt;= #{creatorIdLE}
			</if>
	
			<if test=" @com.wzw.study.system.utils.Ognl@isNotEmpty(creatorIdList)">
				AND sys_menu.creator_id in
				<foreach collection="creatorIdList" item="id" index="index" open="(" close=")" separator="," >#{id}</foreach>
		    </if>
		    <if test=" @com.wzw.study.system.utils.Ognl@isNotEmpty(creatorIdNotEqList)">
				AND sys_menu.creator_id not in
				<foreach collection="creatorIdNotEqList" item="id" index="index" open="(" close=")" separator="," >#{id}</foreach>
		    </if>
	        <if test="@com.wzw.study.system.utils.Ognl@isNotEmpty(createTimeBegin)">
				AND sys_menu.create_time &gt;= #{createTimeBegin}
		    </if>
		    <if test=" @com.wzw.study.system.utils.Ognl@isNotEmpty(createTimeEnd)">
				AND sys_menu.create_time &lt;= #{createTimeEnd}
		    </if>
	        <if test="@com.wzw.study.system.utils.Ognl@isNotEmpty(modifyTimeBegin)">
				AND sys_menu.modify_time &gt;= #{modifyTimeBegin}
		    </if>
		    <if test=" @com.wzw.study.system.utils.Ognl@isNotEmpty(modifyTimeEnd)">
				AND sys_menu.modify_time &lt;= #{modifyTimeEnd}
		    </if>
		</where>
	</sql>
	
	<select id="findPage" resultMap="SysMenuRM">
		SELECT 
		<include refid="columns" />
		FROM sys_menu as sys_menu
	    <include refid="queryWhere"/>
	    <if test="sortColumns != null">
		    ORDER BY ${sortColumns}
		</if>
	    <if test="offset != null and pageSize !=null">
	    	Limit ${offset},${pageSize}
		</if>
	</select>
	
	<select id="pageTotalCount" resultType="long">
        SELECT count(1) FROM sys_menu as sys_menu 
		<include refid="queryWhere"/>    
    </select>
    <delete id="deleteByMultipleId">
	    DELETE FROM sys_menu
	    WHERE
    		id in
        	<foreach collection="list" item="id" index="index" open="(" close=")" separator="," > #{id} </foreach>
    </delete>

    <delete id="deleteById">
        DELETE FROM sys_menu 
        WHERE
        id = #{id}
    </delete>

	<delete id="deleteByQuery">
		DELETE FROM sys_menu
		<include refid="queryWhere"/>
	</delete>
	<insert id="save" useGeneratedKeys="true" keyProperty="id" parameterType="com.wzw.study.system.model.SysMenu">
		INSERT INTO sys_menu (
			id
			<if test="parentId !=null">
				,parent_id
			</if>
			<if test="name !=null">
				,name
			</if>
			<if test="css !=null">
				,css
			</if>
			<if test="path !=null">
				,path
			</if>
			<if test="permission !=null">
				,permission
			</if>
			<if test="sort !=null">
				,sort
			</if>
			<if test="creator !=null">
				,creator
			</if>
			<if test="creatorId !=null">
				,creator_id
			</if>
			<if test="createTime !=null">
				,create_time
			</if>
			<if test="modifyTime !=null">
				,modify_time
			</if>
        
        ) VALUES (
			#{id}
			<if test="parentId != null">
				,#{parentId}
			</if>
			<if test="name != null">
				,#{name}
			</if>
			<if test="css != null">
				,#{css}
			</if>
			<if test="path != null">
				,#{path}
			</if>
			<if test="permission != null">
				,#{permission}
			</if>
			<if test="sort != null">
				,#{sort}
			</if>
			<if test="creator != null">
				,#{creator}
			</if>
			<if test="creatorId != null">
				,#{creatorId}
			</if>
			<if test="createTime != null">
				,#{createTime}
			</if>
			<if test="modifyTime != null">
				,#{modifyTime}
			</if>
        )
	</insert>
	<update id="update" parameterType="com.wzw.study.system.model.SysMenu">
    
        UPDATE sys_menu 
		<set>
			<if test="@com.wzw.study.system.utils.Ognl@isNotEmpty(parentId)">
				parent_id = #{parentId},
			</if>
			<if test="@com.wzw.study.system.utils.Ognl@isNotEmpty(name)">
				name = #{name},
			</if>
			<if test="@com.wzw.study.system.utils.Ognl@isNotEmpty(css)">
				css = #{css},
			</if>
			<if test="@com.wzw.study.system.utils.Ognl@isNotEmpty(path)">
				path = #{path},
			</if>
			<if test="@com.wzw.study.system.utils.Ognl@isNotEmpty(permission)">
				permission = #{permission},
			</if>
			<if test="@com.wzw.study.system.utils.Ognl@isNotEmpty(sort)">
				sort = #{sort},
			</if>
			<if test="@com.wzw.study.system.utils.Ognl@isNotEmpty(creator)">
				creator = #{creator},
			</if>
			<if test="@com.wzw.study.system.utils.Ognl@isNotEmpty(creatorId)">
				creator_id = #{creatorId},
			</if>
			<if test="@com.wzw.study.system.utils.Ognl@isNotEmpty(createTime)">
				create_time = #{createTime},
			</if>
			<if test="@com.wzw.study.system.utils.Ognl@isNotEmpty(modifyTime)">
				modify_time = #{modifyTime},
			</if>
		</set>
        WHERE 
	        id = #{id} 
	</update>
	
	<select id="getById" resultMap="SysMenuRM">
		select 
		<include refid="columns" />
		 from sys_menu where id = #{value}
	</select>
	
    <select id="getByMultipleId" resultMap="SysMenuRM">
		SELECT 
		<include refid="columns" />
		FROM sys_menu as sys_menu
		WHERE sys_menu.id in
        	<foreach collection="list" item="id" index="index" open="(" close=")" separator="," > #{id} </foreach>          
	</select>
	
	<select id="findList" resultMap="SysMenuRM">
    	SELECT 
    	<include refid="columns" />
		FROM sys_menu as sys_menu
		<include refid="queryWhere"/>
		
		<if test="sortColumns != null">
			ORDER BY ${sortColumns}
		</if>
    </select>
</mapper>

