<?xml version="1.0" encoding="UTF-8" ?>
<!DOCTYPE mapper PUBLIC "-//mybatis.org//DTD Mapper 3.0//EN" "http://mybatis.org/dtd/mybatis-3-mapper.dtd" >
<mapper namespace="com.wzw.study.system.dao.SysRoleMenuDao">
	<resultMap id="SysRoleMenuRM" type="com.wzw.study.system.model.SysRoleMenu">
        <result property="roleId" column="role_id"/>
        <result property="menuId" column="menu_id"/>
	</resultMap>	
	
	<sql id="columns">
	    <![CDATA[
		sys_role_menu.role_id,
		sys_role_menu.menu_id
	    ]]>
	</sql>
	
	<sql id="queryWhere">
		
		<where>	      				
			<if test=" @com.wzw.study.system.utils.Ognl@isNotEmpty(roleId)">
				AND sys_role_menu.role_id = #{roleId}
			</if>
			<if test=" @com.wzw.study.system.utils.Ognl@isNotEmpty(roleIdNotEq)">
				AND sys_role_menu.role_id &lt;&gt; #{roleIdNotEq}
			</if>
			<if test=" @com.wzw.study.system.utils.Ognl@isNotEmpty(roleIdGT)">
				AND sys_role_menu.role_id &gt; #{roleIdGT}
			</if>
			<if test=" @com.wzw.study.system.utils.Ognl@isNotEmpty(roleIdLT)">
				AND sys_role_menu.role_id &lt; #{roleIdLT}
			</if>
			<if test=" @com.wzw.study.system.utils.Ognl@isNotEmpty(roleIdGE)">
				AND sys_role_menu.role_id &gt;= #{roleIdGE}
			</if>
			<if test=" @com.wzw.study.system.utils.Ognl@isNotEmpty(roleIdLE)">
				AND sys_role_menu.role_id &lt;= #{roleIdLE}
			</if>
	
			<if test=" @com.wzw.study.system.utils.Ognl@isNotEmpty(roleIdList)">
				AND sys_role_menu.role_id in
				<foreach collection="roleIdList" item="id" index="index" open="(" close=")" separator="," >#{id}</foreach>
		    </if>
		    <if test=" @com.wzw.study.system.utils.Ognl@isNotEmpty(roleIdNotEqList)">
				AND sys_role_menu.role_id not in
				<foreach collection="roleIdNotEqList" item="id" index="index" open="(" close=")" separator="," >#{id}</foreach>
		    </if>
			<if test=" @com.wzw.study.system.utils.Ognl@isNotEmpty(menuId)">
				AND sys_role_menu.menu_id = #{menuId}
			</if>
			<if test=" @com.wzw.study.system.utils.Ognl@isNotEmpty(menuIdNotEq)">
				AND sys_role_menu.menu_id &lt;&gt; #{menuIdNotEq}
			</if>
			<if test=" @com.wzw.study.system.utils.Ognl@isNotEmpty(menuIdGT)">
				AND sys_role_menu.menu_id &gt; #{menuIdGT}
			</if>
			<if test=" @com.wzw.study.system.utils.Ognl@isNotEmpty(menuIdLT)">
				AND sys_role_menu.menu_id &lt; #{menuIdLT}
			</if>
			<if test=" @com.wzw.study.system.utils.Ognl@isNotEmpty(menuIdGE)">
				AND sys_role_menu.menu_id &gt;= #{menuIdGE}
			</if>
			<if test=" @com.wzw.study.system.utils.Ognl@isNotEmpty(menuIdLE)">
				AND sys_role_menu.menu_id &lt;= #{menuIdLE}
			</if>
	
			<if test=" @com.wzw.study.system.utils.Ognl@isNotEmpty(menuIdList)">
				AND sys_role_menu.menu_id in
				<foreach collection="menuIdList" item="id" index="index" open="(" close=")" separator="," >#{id}</foreach>
		    </if>
		    <if test=" @com.wzw.study.system.utils.Ognl@isNotEmpty(menuIdNotEqList)">
				AND sys_role_menu.menu_id not in
				<foreach collection="menuIdNotEqList" item="id" index="index" open="(" close=")" separator="," >#{id}</foreach>
		    </if>
		</where>
	</sql>

	<delete id="deleteByQuery">
		DELETE FROM sys_role_menu
		<include refid="queryWhere"/>
	</delete>

	<insert id="save" useGeneratedKeys="true" keyProperty="roleId" parameterType="com.wzw.study.system.model.SysRoleMenu">
		INSERT INTO sys_role_menu (
			role_id, 
			menu_id
        
        ) VALUES (
			#{roleId}, 
			#{menuId}
        )
	</insert>

	<select id="findList" resultMap="SysRoleMenuRM">
    	SELECT 
    	<include refid="columns" />
		FROM sys_role_menu as sys_role_menu
		<include refid="queryWhere"/>
		
		<if test="sortColumns != null">
			ORDER BY ${sortColumns}
		</if>
    </select>
</mapper>

