<?xml version="1.0" encoding="UTF-8" ?>
<!DOCTYPE mapper PUBLIC "-//mybatis.org//DTD Mapper 3.0//EN" "http://mybatis.org/dtd/mybatis-3-mapper.dtd" >
<mapper namespace="com.wzw.study.system.dao.SysRoleUserDao">
	<resultMap id="SysRoleUserRM" type="com.wzw.study.system.model.SysRoleUser">
        <result property="id" column="GUID"/>
        <result property="userId" column="user_id"/>
        <result property="roleId" column="role_id"/>
	</resultMap>	
	
	<sql id="columns">
	    <![CDATA[
		sys_role_user.user_id,
		sys_role_user.role_id
	    ]]>
	</sql>
	
	<sql id="queryWhere">
		
		<where>	      				
		    <if test=" @com.wzw.study.system.utils.Ognl@isNotEmpty(userId)">
				AND sys_role_user.user_id = #{userId}
			</if>
			<if test=" @com.wzw.study.system.utils.Ognl@isNotEmpty(userIdLike)">
				AND sys_role_user.user_id like CONCAT('%', CONVERT(#{userIdLike}, char) ,'%') 
			</if>
			<if test=" @com.wzw.study.system.utils.Ognl@isNotEmpty(userIdBeginLike)">
				AND sys_role_user.user_id like CONCAT('', CONVERT(#{userIdBeginLike}, char) ,'%') 
			</if>
			<if test=" @com.wzw.study.system.utils.Ognl@isNotEmpty(userIdEndLike)">
				AND sys_role_user.user_id like CONCAT('%', CONVERT(#{userIdEndLike}, char) ,'') 
			</if>
			<if test=" @com.wzw.study.system.utils.Ognl@isNotEmpty(roleId)">
				AND sys_role_user.role_id = #{roleId}
			</if>
			<if test=" @com.wzw.study.system.utils.Ognl@isNotEmpty(roleIdNotEq)">
				AND sys_role_user.role_id &lt;&gt; #{roleIdNotEq}
			</if>
			<if test=" @com.wzw.study.system.utils.Ognl@isNotEmpty(roleIdGT)">
				AND sys_role_user.role_id &gt; #{roleIdGT}
			</if>
			<if test=" @com.wzw.study.system.utils.Ognl@isNotEmpty(roleIdLT)">
				AND sys_role_user.role_id &lt; #{roleIdLT}
			</if>
			<if test=" @com.wzw.study.system.utils.Ognl@isNotEmpty(roleIdGE)">
				AND sys_role_user.role_id &gt;= #{roleIdGE}
			</if>
			<if test=" @com.wzw.study.system.utils.Ognl@isNotEmpty(roleIdLE)">
				AND sys_role_user.role_id &lt;= #{roleIdLE}
			</if>
	
			<if test=" @com.wzw.study.system.utils.Ognl@isNotEmpty(roleIdList)">
				AND sys_role_user.role_id in
				<foreach collection="roleIdList" item="id" index="index" open="(" close=")" separator="," >#{id}</foreach>
		    </if>
		    <if test=" @com.wzw.study.system.utils.Ognl@isNotEmpty(roleIdNotEqList)">
				AND sys_role_user.role_id not in
				<foreach collection="roleIdNotEqList" item="id" index="index" open="(" close=")" separator="," >#{id}</foreach>
		    </if>
		</where>
	</sql>

	<delete id="deleteByQuery">
		DELETE FROM sys_role_user
		<include refid="queryWhere"/>
	</delete>
	<insert id="save" useGeneratedKeys="true" keyProperty="userId" parameterType="com.wzw.study.system.model.SysRoleUser">
		INSERT INTO sys_role_user (
			user_id, 
			role_id
        
        ) VALUES (
			#{userId}, 
			#{roleId}
        )
	</insert>
	<select id="findList" resultMap="SysRoleUserRM">
    	SELECT 
    	<include refid="columns" />
		FROM sys_role_user as sys_role_user
		<include refid="queryWhere"/>
		
		<if test="sortColumns != null">
			ORDER BY ${sortColumns}
		</if>
    </select>
</mapper>

