<?xml version="1.0" encoding="UTF-8" ?>
<!DOCTYPE mapper PUBLIC "-//mybatis.org//DTD Mapper 3.0//EN" "http://mybatis.org/dtd/mybatis-3-mapper.dtd" >
<mapper namespace="com.wzw.study.system.dao.SysRoleDao">
	<resultMap id="SysRoleRM" type="com.wzw.study.system.model.SysRole">
        <result property="id" column="id"/>
        <result property="name" column="name"/>
        <result property="description" column="description"/>
        <result property="creator" column="creator"/>
        <result property="creatorId" column="creator_id"/>
        <result property="createTime" column="create_time"/>
        <result property="modifyTime" column="modify_time"/>
	</resultMap>	
	
	<sql id="columns">
	    <![CDATA[
		sys_role.id,
		sys_role.name,
		sys_role.description,
		sys_role.creator,
		sys_role.creator_id,
		sys_role.create_time,
		sys_role.modify_time
	    ]]>
	</sql>
	
	<sql id="queryWhere">
		
		<where>	      				
			<if test=" @com.wzw.study.system.utils.Ognl@isNotEmpty(id)">
				AND sys_role.id = #{id}
			</if>
			<if test=" @com.wzw.study.system.utils.Ognl@isNotEmpty(idNotEq)">
				AND sys_role.id &lt;&gt; #{idNotEq}
			</if>
			<if test=" @com.wzw.study.system.utils.Ognl@isNotEmpty(idGT)">
				AND sys_role.id &gt; #{idGT}
			</if>
			<if test=" @com.wzw.study.system.utils.Ognl@isNotEmpty(idLT)">
				AND sys_role.id &lt; #{idLT}
			</if>
			<if test=" @com.wzw.study.system.utils.Ognl@isNotEmpty(idGE)">
				AND sys_role.id &gt;= #{idGE}
			</if>
			<if test=" @com.wzw.study.system.utils.Ognl@isNotEmpty(idLE)">
				AND sys_role.id &lt;= #{idLE}
			</if>
	
			<if test=" @com.wzw.study.system.utils.Ognl@isNotEmpty(idList)">
				AND sys_role.id in
				<foreach collection="idList" item="id" index="index" open="(" close=")" separator="," >#{id}</foreach>
		    </if>
		    <if test=" @com.wzw.study.system.utils.Ognl@isNotEmpty(idNotEqList)">
				AND sys_role.id not in
				<foreach collection="idNotEqList" item="id" index="index" open="(" close=")" separator="," >#{id}</foreach>
		    </if>
		    <if test=" @com.wzw.study.system.utils.Ognl@isNotEmpty(name)">
				AND sys_role.name = #{name}
			</if>
			<if test=" @com.wzw.study.system.utils.Ognl@isNotEmpty(nameLike)">
				AND sys_role.name like CONCAT('%', CONVERT(#{nameLike}, char) ,'%') 
			</if>
			<if test=" @com.wzw.study.system.utils.Ognl@isNotEmpty(nameBeginLike)">
				AND sys_role.name like CONCAT('', CONVERT(#{nameBeginLike}, char) ,'%') 
			</if>
			<if test=" @com.wzw.study.system.utils.Ognl@isNotEmpty(nameEndLike)">
				AND sys_role.name like CONCAT('%', CONVERT(#{nameEndLike}, char) ,'') 
			</if>
		    <if test=" @com.wzw.study.system.utils.Ognl@isNotEmpty(description)">
				AND sys_role.description = #{description}
			</if>
			<if test=" @com.wzw.study.system.utils.Ognl@isNotEmpty(descriptionLike)">
				AND sys_role.description like CONCAT('%', CONVERT(#{descriptionLike}, char) ,'%') 
			</if>
			<if test=" @com.wzw.study.system.utils.Ognl@isNotEmpty(descriptionBeginLike)">
				AND sys_role.description like CONCAT('', CONVERT(#{descriptionBeginLike}, char) ,'%') 
			</if>
			<if test=" @com.wzw.study.system.utils.Ognl@isNotEmpty(descriptionEndLike)">
				AND sys_role.description like CONCAT('%', CONVERT(#{descriptionEndLike}, char) ,'') 
			</if>
		    <if test=" @com.wzw.study.system.utils.Ognl@isNotEmpty(creator)">
				AND sys_role.creator = #{creator}
			</if>
			<if test=" @com.wzw.study.system.utils.Ognl@isNotEmpty(creatorLike)">
				AND sys_role.creator like CONCAT('%', CONVERT(#{creatorLike}, char) ,'%') 
			</if>
			<if test=" @com.wzw.study.system.utils.Ognl@isNotEmpty(creatorBeginLike)">
				AND sys_role.creator like CONCAT('', CONVERT(#{creatorBeginLike}, char) ,'%') 
			</if>
			<if test=" @com.wzw.study.system.utils.Ognl@isNotEmpty(creatorEndLike)">
				AND sys_role.creator like CONCAT('%', CONVERT(#{creatorEndLike}, char) ,'') 
			</if>
			<if test=" @com.wzw.study.system.utils.Ognl@isNotEmpty(creatorId)">
				AND sys_role.creator_id = #{creatorId}
			</if>
			<if test=" @com.wzw.study.system.utils.Ognl@isNotEmpty(creatorIdNotEq)">
				AND sys_role.creator_id &lt;&gt; #{creatorIdNotEq}
			</if>
			<if test=" @com.wzw.study.system.utils.Ognl@isNotEmpty(creatorIdGT)">
				AND sys_role.creator_id &gt; #{creatorIdGT}
			</if>
			<if test=" @com.wzw.study.system.utils.Ognl@isNotEmpty(creatorIdLT)">
				AND sys_role.creator_id &lt; #{creatorIdLT}
			</if>
			<if test=" @com.wzw.study.system.utils.Ognl@isNotEmpty(creatorIdGE)">
				AND sys_role.creator_id &gt;= #{creatorIdGE}
			</if>
			<if test=" @com.wzw.study.system.utils.Ognl@isNotEmpty(creatorIdLE)">
				AND sys_role.creator_id &lt;= #{creatorIdLE}
			</if>
	
			<if test=" @com.wzw.study.system.utils.Ognl@isNotEmpty(creatorIdList)">
				AND sys_role.creator_id in
				<foreach collection="creatorIdList" item="id" index="index" open="(" close=")" separator="," >#{id}</foreach>
		    </if>
		    <if test=" @com.wzw.study.system.utils.Ognl@isNotEmpty(creatorIdNotEqList)">
				AND sys_role.creator_id not in
				<foreach collection="creatorIdNotEqList" item="id" index="index" open="(" close=")" separator="," >#{id}</foreach>
		    </if>
	        <if test="@com.wzw.study.system.utils.Ognl@isNotEmpty(createTimeBegin)">
				AND sys_role.create_time &gt;= #{createTimeBegin}
		    </if>
		    <if test=" @com.wzw.study.system.utils.Ognl@isNotEmpty(createTimeEnd)">
				AND sys_role.create_time &lt;= #{createTimeEnd}
		    </if>
	        <if test="@com.wzw.study.system.utils.Ognl@isNotEmpty(modifyTimeBegin)">
				AND sys_role.modify_time &gt;= #{modifyTimeBegin}
		    </if>
		    <if test=" @com.wzw.study.system.utils.Ognl@isNotEmpty(modifyTimeEnd)">
				AND sys_role.modify_time &lt;= #{modifyTimeEnd}
		    </if>
		</where>
	</sql>
	
	<select id="findPage" resultMap="SysRoleRM">
		SELECT 
		<include refid="columns" />
		FROM sys_role as sys_role
	    <include refid="queryWhere"/>
	    <if test="sortColumns != null">
		    ORDER BY ${sortColumns}
		</if>
	    <if test="offset != null and pageSize !=null">
	    	Limit ${offset},${pageSize}
		</if>
	</select>
	
	<select id="pageTotalCount" resultType="long">
        SELECT count(1) FROM sys_role as sys_role 
		<include refid="queryWhere"/>    
    </select>
    <delete id="deleteByMultipleId">
	    DELETE FROM sys_role
	    WHERE
		id in
        	<foreach collection="list" item="id" index="index" open="(" close=")" separator="," > #{id} </foreach>
    </delete>

    <delete id="deleteById">
        DELETE FROM sys_role 
        WHERE
        id = #{id}
    </delete>

	<delete id="deleteByQuery">
		DELETE FROM sys_role
		<include refid="queryWhere"/>
	</delete>
	<insert id="save" useGeneratedKeys="true" keyProperty="id" parameterType="com.wzw.study.system.model.SysRole">
		INSERT INTO sys_role (
			id
			<if test="name !=null">
				,name
			</if>
			<if test="description !=null">
				,description
			</if>
			<if test="creator !=null">
				,creator
			</if>
			<if test="creatorId !=null">
				,creator_id
			</if>
			<if test="createTime !=null">
				,create_time
			</if>
			<if test="modifyTime !=null">
				,modify_time
			</if>
        
        ) VALUES (
			#{id}
			<if test="name != null">
				,#{name}
			</if>
			<if test="description != null">
				,#{description}
			</if>
			<if test="creator != null">
				,#{creator}
			</if>
			<if test="creatorId != null">
				,#{creatorId}
			</if>
			<if test="createTime != null">
				,#{createTime}
			</if>
			<if test="modifyTime != null">
				,#{modifyTime}
			</if>
        )
	</insert>
	<update id="update" parameterType="com.wzw.study.system.model.SysRole">
    
        UPDATE sys_role 
		<set>
			<if test="@com.wzw.study.system.utils.Ognl@isNotEmpty(name)">
				name = #{name},
			</if>
			<if test="@com.wzw.study.system.utils.Ognl@isNotEmpty(description)">
				description = #{description},
			</if>
			<if test="@com.wzw.study.system.utils.Ognl@isNotEmpty(creator)">
				creator = #{creator},
			</if>
			<if test="@com.wzw.study.system.utils.Ognl@isNotEmpty(creatorId)">
				creator_id = #{creatorId},
			</if>
			<if test="@com.wzw.study.system.utils.Ognl@isNotEmpty(createTime)">
				create_time = #{createTime},
			</if>
			<if test="@com.wzw.study.system.utils.Ognl@isNotEmpty(modifyTime)">
				modify_time = #{modifyTime},
			</if>
		</set>
        WHERE 
	        id = #{id} 
	</update>
	
	<select id="getById" resultMap="SysRoleRM">
		select 
		<include refid="columns" />
		 from sys_role where id = #{value}
	</select>
	
    <select id="getByMultipleId" resultMap="SysRoleRM">
		SELECT 
		<include refid="columns" />
		FROM sys_role as sys_role
		WHERE sys_role.id in
        	<foreach collection="list" item="id" index="index" open="(" close=")" separator="," > #{id} </foreach>          
	</select>
	
	<select id="findList" resultMap="SysRoleRM">
    	SELECT 
    	<include refid="columns" />
		FROM sys_role as sys_role
		<include refid="queryWhere"/>
		
		<if test="sortColumns != null">
			ORDER BY ${sortColumns}
		</if>
    </select>
</mapper>

