<?xml version="1.0" encoding="UTF-8" ?>
<!DOCTYPE mapper PUBLIC "-//mybatis.org//DTD Mapper 3.0//EN" "http://mybatis.org/dtd/mybatis-3-mapper.dtd" >
<mapper namespace="com.wzw.study.system.dao.SysUserDao">
	<resultMap id="SysUserRM" type="com.wzw.study.system.model.SysUser">
        <result property="id" column="id"/>
        <result property="userName" column="user_name"/>
        <result property="account" column="account"/>
        <result property="password" column="password"/>
        <result property="phone" column="phone"/>
        <result property="email" column="email"/>
        <result property="starLevel" column="star_level"/>
        <result property="status" column="status"/>
        <result property="creator" column="creator"/>
        <result property="creatorId" column="creator_id"/>
        <result property="createTime" column="create_time"/>
        <result property="modifyTime" column="modify_time"/>
	</resultMap>	
	
	<sql id="columns">
	    <![CDATA[
		sys_user.id,
		sys_user.user_name,
		sys_user.account,
		sys_user.password,
		sys_user.phone,
		sys_user.email,
		sys_user.star_level,
		sys_user.status,
		sys_user.creator,
		sys_user.creator_id,
		sys_user.create_time,
		sys_user.modify_time
	    ]]>
	</sql>
	
	<sql id="queryWhere">
		
		<where>	      				
			<if test=" @com.wzw.study.system.utils.Ognl@isNotEmpty(id)">
				AND sys_user.id = #{id}
			</if>
			<if test=" @com.wzw.study.system.utils.Ognl@isNotEmpty(idNotEq)">
				AND sys_user.id &lt;&gt; #{idNotEq}
			</if>
			<if test=" @com.wzw.study.system.utils.Ognl@isNotEmpty(idGT)">
				AND sys_user.id &gt; #{idGT}
			</if>
			<if test=" @com.wzw.study.system.utils.Ognl@isNotEmpty(idLT)">
				AND sys_user.id &lt; #{idLT}
			</if>
			<if test=" @com.wzw.study.system.utils.Ognl@isNotEmpty(idGE)">
				AND sys_user.id &gt;= #{idGE}
			</if>
			<if test=" @com.wzw.study.system.utils.Ognl@isNotEmpty(idLE)">
				AND sys_user.id &lt;= #{idLE}
			</if>
	
			<if test=" @com.wzw.study.system.utils.Ognl@isNotEmpty(idList)">
				AND sys_user.id in
				<foreach collection="idList" item="id" index="index" open="(" close=")" separator="," >#{id}</foreach>
		    </if>
		    <if test=" @com.wzw.study.system.utils.Ognl@isNotEmpty(idNotEqList)">
				AND sys_user.id not in
				<foreach collection="idNotEqList" item="id" index="index" open="(" close=")" separator="," >#{id}</foreach>
		    </if>
		    <if test=" @com.wzw.study.system.utils.Ognl@isNotEmpty(userName)">
				AND sys_user.user_name = #{userName}
			</if>
			<if test=" @com.wzw.study.system.utils.Ognl@isNotEmpty(userNameLike)">
				AND sys_user.user_name like CONCAT('%', CONVERT(#{userNameLike}, char) ,'%') 
			</if>
			<if test=" @com.wzw.study.system.utils.Ognl@isNotEmpty(userNameBeginLike)">
				AND sys_user.user_name like CONCAT('', CONVERT(#{userNameBeginLike}, char) ,'%') 
			</if>
			<if test=" @com.wzw.study.system.utils.Ognl@isNotEmpty(userNameEndLike)">
				AND sys_user.user_name like CONCAT('%', CONVERT(#{userNameEndLike}, char) ,'') 
			</if>
		    <if test=" @com.wzw.study.system.utils.Ognl@isNotEmpty(account)">
				AND sys_user.account = #{account}
			</if>
			<if test=" @com.wzw.study.system.utils.Ognl@isNotEmpty(accountLike)">
				AND sys_user.account like CONCAT('%', CONVERT(#{accountLike}, char) ,'%') 
			</if>
			<if test=" @com.wzw.study.system.utils.Ognl@isNotEmpty(accountBeginLike)">
				AND sys_user.account like CONCAT('', CONVERT(#{accountBeginLike}, char) ,'%') 
			</if>
			<if test=" @com.wzw.study.system.utils.Ognl@isNotEmpty(accountEndLike)">
				AND sys_user.account like CONCAT('%', CONVERT(#{accountEndLike}, char) ,'') 
			</if>
		    <if test=" @com.wzw.study.system.utils.Ognl@isNotEmpty(password)">
				AND sys_user.password = #{password}
			</if>
			<if test=" @com.wzw.study.system.utils.Ognl@isNotEmpty(passwordLike)">
				AND sys_user.password like CONCAT('%', CONVERT(#{passwordLike}, char) ,'%') 
			</if>
			<if test=" @com.wzw.study.system.utils.Ognl@isNotEmpty(passwordBeginLike)">
				AND sys_user.password like CONCAT('', CONVERT(#{passwordBeginLike}, char) ,'%') 
			</if>
			<if test=" @com.wzw.study.system.utils.Ognl@isNotEmpty(passwordEndLike)">
				AND sys_user.password like CONCAT('%', CONVERT(#{passwordEndLike}, char) ,'') 
			</if>
		    <if test=" @com.wzw.study.system.utils.Ognl@isNotEmpty(phone)">
				AND sys_user.phone = #{phone}
			</if>
			<if test=" @com.wzw.study.system.utils.Ognl@isNotEmpty(phoneLike)">
				AND sys_user.phone like CONCAT('%', CONVERT(#{phoneLike}, char) ,'%') 
			</if>
			<if test=" @com.wzw.study.system.utils.Ognl@isNotEmpty(phoneBeginLike)">
				AND sys_user.phone like CONCAT('', CONVERT(#{phoneBeginLike}, char) ,'%') 
			</if>
			<if test=" @com.wzw.study.system.utils.Ognl@isNotEmpty(phoneEndLike)">
				AND sys_user.phone like CONCAT('%', CONVERT(#{phoneEndLike}, char) ,'') 
			</if>
		    <if test=" @com.wzw.study.system.utils.Ognl@isNotEmpty(email)">
				AND sys_user.email = #{email}
			</if>
			<if test=" @com.wzw.study.system.utils.Ognl@isNotEmpty(emailLike)">
				AND sys_user.email like CONCAT('%', CONVERT(#{emailLike}, char) ,'%') 
			</if>
			<if test=" @com.wzw.study.system.utils.Ognl@isNotEmpty(emailBeginLike)">
				AND sys_user.email like CONCAT('', CONVERT(#{emailBeginLike}, char) ,'%') 
			</if>
			<if test=" @com.wzw.study.system.utils.Ognl@isNotEmpty(emailEndLike)">
				AND sys_user.email like CONCAT('%', CONVERT(#{emailEndLike}, char) ,'') 
			</if>
			<if test=" @com.wzw.study.system.utils.Ognl@isNotEmpty(starLevel)">
				AND sys_user.star_level = #{starLevel}
			</if>
			<if test=" @com.wzw.study.system.utils.Ognl@isNotEmpty(starLevelNotEq)">
				AND sys_user.star_level &lt;&gt; #{starLevelNotEq}
			</if>
			<if test=" @com.wzw.study.system.utils.Ognl@isNotEmpty(starLevelGT)">
				AND sys_user.star_level &gt; #{starLevelGT}
			</if>
			<if test=" @com.wzw.study.system.utils.Ognl@isNotEmpty(starLevelLT)">
				AND sys_user.star_level &lt; #{starLevelLT}
			</if>
			<if test=" @com.wzw.study.system.utils.Ognl@isNotEmpty(starLevelGE)">
				AND sys_user.star_level &gt;= #{starLevelGE}
			</if>
			<if test=" @com.wzw.study.system.utils.Ognl@isNotEmpty(starLevelLE)">
				AND sys_user.star_level &lt;= #{starLevelLE}
			</if>
	
			<if test=" @com.wzw.study.system.utils.Ognl@isNotEmpty(starLevelList)">
				AND sys_user.star_level in
				<foreach collection="starLevelList" item="id" index="index" open="(" close=")" separator="," >#{id}</foreach>
		    </if>
		    <if test=" @com.wzw.study.system.utils.Ognl@isNotEmpty(starLevelNotEqList)">
				AND sys_user.star_level not in
				<foreach collection="starLevelNotEqList" item="id" index="index" open="(" close=")" separator="," >#{id}</foreach>
		    </if>
	        <if test=" @com.wzw.study.system.utils.Ognl@isNotEmpty(status)">
				AND sys_user.status = #{status}
			</if>
		    <if test=" @com.wzw.study.system.utils.Ognl@isNotEmpty(creator)">
				AND sys_user.creator = #{creator}
			</if>
			<if test=" @com.wzw.study.system.utils.Ognl@isNotEmpty(creatorLike)">
				AND sys_user.creator like CONCAT('%', CONVERT(#{creatorLike}, char) ,'%') 
			</if>
			<if test=" @com.wzw.study.system.utils.Ognl@isNotEmpty(creatorBeginLike)">
				AND sys_user.creator like CONCAT('', CONVERT(#{creatorBeginLike}, char) ,'%') 
			</if>
			<if test=" @com.wzw.study.system.utils.Ognl@isNotEmpty(creatorEndLike)">
				AND sys_user.creator like CONCAT('%', CONVERT(#{creatorEndLike}, char) ,'') 
			</if>
			<if test=" @com.wzw.study.system.utils.Ognl@isNotEmpty(creatorId)">
				AND sys_user.creator_id = #{creatorId}
			</if>
			<if test=" @com.wzw.study.system.utils.Ognl@isNotEmpty(creatorIdNotEq)">
				AND sys_user.creator_id &lt;&gt; #{creatorIdNotEq}
			</if>
			<if test=" @com.wzw.study.system.utils.Ognl@isNotEmpty(creatorIdGT)">
				AND sys_user.creator_id &gt; #{creatorIdGT}
			</if>
			<if test=" @com.wzw.study.system.utils.Ognl@isNotEmpty(creatorIdLT)">
				AND sys_user.creator_id &lt; #{creatorIdLT}
			</if>
			<if test=" @com.wzw.study.system.utils.Ognl@isNotEmpty(creatorIdGE)">
				AND sys_user.creator_id &gt;= #{creatorIdGE}
			</if>
			<if test=" @com.wzw.study.system.utils.Ognl@isNotEmpty(creatorIdLE)">
				AND sys_user.creator_id &lt;= #{creatorIdLE}
			</if>
	
			<if test=" @com.wzw.study.system.utils.Ognl@isNotEmpty(creatorIdList)">
				AND sys_user.creator_id in
				<foreach collection="creatorIdList" item="id" index="index" open="(" close=")" separator="," >#{id}</foreach>
		    </if>
		    <if test=" @com.wzw.study.system.utils.Ognl@isNotEmpty(creatorIdNotEqList)">
				AND sys_user.creator_id not in
				<foreach collection="creatorIdNotEqList" item="id" index="index" open="(" close=")" separator="," >#{id}</foreach>
		    </if>
	        <if test="@com.wzw.study.system.utils.Ognl@isNotEmpty(createTimeBegin)">
				AND sys_user.create_time &gt;= #{createTimeBegin}
		    </if>
		    <if test=" @com.wzw.study.system.utils.Ognl@isNotEmpty(createTimeEnd)">
				AND sys_user.create_time &lt;= #{createTimeEnd}
		    </if>
	        <if test="@com.wzw.study.system.utils.Ognl@isNotEmpty(modifyTimeBegin)">
				AND sys_user.modify_time &gt;= #{modifyTimeBegin}
		    </if>
		    <if test=" @com.wzw.study.system.utils.Ognl@isNotEmpty(modifyTimeEnd)">
				AND sys_user.modify_time &lt;= #{modifyTimeEnd}
		    </if>
		</where>
	</sql>
	
	<select id="findPage" resultMap="SysUserRM">
		SELECT 
		<include refid="columns" />
		FROM sys_user as sys_user
	    <include refid="queryWhere"/>
	    <if test="sortColumns != null">
		    ORDER BY ${sortColumns}
		</if>
	    <if test="offset != null and pageSize !=null">
	    	Limit ${offset},${pageSize}
		</if>
	</select>
	
	<select id="pageTotalCount" resultType="long">
        SELECT count(1) FROM sys_user as sys_user 
		<include refid="queryWhere"/>    
    </select>
    <delete id="deleteByMultipleId">
	    DELETE FROM sys_user
	    WHERE
    		id in
        	<foreach collection="list" item="id" index="index" open="(" close=")" separator="," > #{id} </foreach>
    </delete>

    <delete id="deleteById">
        DELETE FROM sys_user 
        WHERE
        id = #{id}
    </delete>

	<delete id="deleteByQuery">
		DELETE FROM sys_user
		<include refid="queryWhere"/>
	</delete>
	<insert id="save" useGeneratedKeys="true" keyProperty="id" parameterType="com.wzw.study.system.model.SysUser">
		INSERT INTO sys_user (
			id
			<if test="userName !=null">
				,user_name
			</if>
			<if test="account !=null">
				,account
			</if>
			<if test="password !=null">
				,password
			</if>
			<if test="phone !=null">
				,phone
			</if>
			<if test="email !=null">
				,email
			</if>
			<if test="starLevel !=null">
				,star_level
			</if>
			<if test="status !=null">
				,status
			</if>
			<if test="creator !=null">
				,creator
			</if>
			<if test="creatorId !=null">
				,creator_id
			</if>
			<if test="createTime !=null">
				,create_time
			</if>
			<if test="modifyTime !=null">
				,modify_time
			</if>
        
        ) VALUES (
			#{id}
			<if test="userName != null">
				,#{userName}
			</if>
			<if test="account != null">
				,#{account}
			</if>
			<if test="password != null">
				,#{password}
			</if>
			<if test="phone != null">
				,#{phone}
			</if>
			<if test="email != null">
				,#{email}
			</if>
			<if test="starLevel != null">
				,#{starLevel}
			</if>
			<if test="status != null">
				,#{status}
			</if>
			<if test="creator != null">
				,#{creator}
			</if>
			<if test="creatorId != null">
				,#{creatorId}
			</if>
			<if test="createTime != null">
				,#{createTime}
			</if>
			<if test="modifyTime != null">
				,#{modifyTime}
			</if>
        )
	</insert>
	<update id="update" parameterType="com.wzw.study.system.model.SysUser">
    
        UPDATE sys_user 
		<set>
			<if test="@com.wzw.study.system.utils.Ognl@isNotEmpty(userName)">
				user_name = #{userName},
			</if>
			<if test="@com.wzw.study.system.utils.Ognl@isNotEmpty(account)">
				account = #{account},
			</if>
			<if test="@com.wzw.study.system.utils.Ognl@isNotEmpty(password)">
				password = #{password},
			</if>
			<if test="@com.wzw.study.system.utils.Ognl@isNotEmpty(phone)">
				phone = #{phone},
			</if>
			<if test="@com.wzw.study.system.utils.Ognl@isNotEmpty(email)">
				email = #{email},
			</if>
			<if test="@com.wzw.study.system.utils.Ognl@isNotEmpty(starLevel)">
				star_level = #{starLevel},
			</if>
			<if test="@com.wzw.study.system.utils.Ognl@isNotEmpty(status)">
				status = #{status},
			</if>
			<if test="@com.wzw.study.system.utils.Ognl@isNotEmpty(creator)">
				creator = #{creator},
			</if>
			<if test="@com.wzw.study.system.utils.Ognl@isNotEmpty(creatorId)">
				creator_id = #{creatorId},
			</if>
			<if test="@com.wzw.study.system.utils.Ognl@isNotEmpty(createTime)">
				create_time = #{createTime},
			</if>
			<if test="@com.wzw.study.system.utils.Ognl@isNotEmpty(modifyTime)">
				modify_time = #{modifyTime},
			</if>
		</set>
        WHERE 
	        id = #{id} 
	</update>
	
	<select id="getById" resultMap="SysUserRM">
		select 
		<include refid="columns" />
		 from sys_user where id = #{value}
	</select>
	
    <select id="getByMultipleId" resultMap="SysUserRM">
		SELECT 
		<include refid="columns" />
		FROM sys_user as sys_user
		WHERE sys_user.id in
        	<foreach collection="list" item="id" index="index" open="(" close=")" separator="," > #{id} </foreach>          
	</select>
	
	<select id="findList" resultMap="SysUserRM">
    	SELECT 
    	<include refid="columns" />
		FROM sys_user as sys_user
		<include refid="queryWhere"/>
		
		<if test="sortColumns != null">
			ORDER BY ${sortColumns}
		</if>
    </select>
</mapper>

