<?xml version="1.0" encoding="UTF-8" ?>
<!DOCTYPE mapper PUBLIC "-//mybatis.org//DTD Mapper 3.0//EN" "http://mybatis.org/dtd/mybatis-3-mapper.dtd" >
<mapper namespace="com.wzw.study.business.dao.BusLeftNavDao">
	<resultMap id="BusLeftNavRM" type="com.wzw.study.business.model.BusLeftNav">
        <result property="id" column="id"/>
        <result property="parentId" column="parent_id"/>
        <result property="name" column="name"/>
        <result property="url" column="url"/>
        <result property="isShare" column="is_share"/>
        <result property="sort" column="sort"/>
        <result property="isLocal" column="is_local"/>
        <result property="viewTimes" column="view_times"/>
        <result property="praiseTimes" column="praise_times"/>
        <result property="creator" column="creator"/>
        <result property="creatorId" column="creator_id"/>
        <result property="createTime" column="create_time"/>
        <result property="modifyTime" column="modify_time"/>
	</resultMap>	
	
	<sql id="columns">
	    <![CDATA[
		bus_left_nav.id,
		bus_left_nav.parent_id,
		bus_left_nav.name,
		bus_left_nav.url,
		bus_left_nav.is_share,
		bus_left_nav.sort,
		bus_left_nav.is_local,
		bus_left_nav.view_times,
		bus_left_nav.praise_times,
		bus_left_nav.creator,
		bus_left_nav.creator_id,
		bus_left_nav.create_time,
		bus_left_nav.modify_time
	    ]]>
	</sql>
	
	<sql id="queryWhere">
		
		<where>	      				
			<if test=" @com.wzw.study.system.utils.Ognl@isNotEmpty(id)">
				AND bus_left_nav.id = #{id}
			</if>
			<if test=" @com.wzw.study.system.utils.Ognl@isNotEmpty(idNotEq)">
				AND bus_left_nav.id &lt;&gt; #{idNotEq}
			</if>
			<if test=" @com.wzw.study.system.utils.Ognl@isNotEmpty(idGT)">
				AND bus_left_nav.id &gt; #{idGT}
			</if>
			<if test=" @com.wzw.study.system.utils.Ognl@isNotEmpty(idLT)">
				AND bus_left_nav.id &lt; #{idLT}
			</if>
			<if test=" @com.wzw.study.system.utils.Ognl@isNotEmpty(idGE)">
				AND bus_left_nav.id &gt;= #{idGE}
			</if>
			<if test=" @com.wzw.study.system.utils.Ognl@isNotEmpty(idLE)">
				AND bus_left_nav.id &lt;= #{idLE}
			</if>
	
			<if test=" @com.wzw.study.system.utils.Ognl@isNotEmpty(idList)">
				AND bus_left_nav.id in
				<foreach collection="idList" item="id" index="index" open="(" close=")" separator="," >#{id}</foreach>
		    </if>
		    <if test=" @com.wzw.study.system.utils.Ognl@isNotEmpty(idNotEqList)">
				AND bus_left_nav.id not in
				<foreach collection="idNotEqList" item="id" index="index" open="(" close=")" separator="," >#{id}</foreach>
		    </if>
			<if test=" @com.wzw.study.system.utils.Ognl@isNotEmpty(parentId)">
				AND bus_left_nav.parent_id = #{parentId}
			</if>
			<if test=" @com.wzw.study.system.utils.Ognl@isNotEmpty(parentIdNotEq)">
				AND bus_left_nav.parent_id &lt;&gt; #{parentIdNotEq}
			</if>
			<if test=" @com.wzw.study.system.utils.Ognl@isNotEmpty(parentIdGT)">
				AND bus_left_nav.parent_id &gt; #{parentIdGT}
			</if>
			<if test=" @com.wzw.study.system.utils.Ognl@isNotEmpty(parentIdLT)">
				AND bus_left_nav.parent_id &lt; #{parentIdLT}
			</if>
			<if test=" @com.wzw.study.system.utils.Ognl@isNotEmpty(parentIdGE)">
				AND bus_left_nav.parent_id &gt;= #{parentIdGE}
			</if>
			<if test=" @com.wzw.study.system.utils.Ognl@isNotEmpty(parentIdLE)">
				AND bus_left_nav.parent_id &lt;= #{parentIdLE}
			</if>
	
			<if test=" @com.wzw.study.system.utils.Ognl@isNotEmpty(parentIdList)">
				AND bus_left_nav.parent_id in
				<foreach collection="parentIdList" item="id" index="index" open="(" close=")" separator="," >#{id}</foreach>
		    </if>
		    <if test=" @com.wzw.study.system.utils.Ognl@isNotEmpty(parentIdNotEqList)">
				AND bus_left_nav.parent_id not in
				<foreach collection="parentIdNotEqList" item="id" index="index" open="(" close=")" separator="," >#{id}</foreach>
		    </if>
		    <if test=" @com.wzw.study.system.utils.Ognl@isNotEmpty(name)">
				AND bus_left_nav.name = #{name}
			</if>
			<if test=" @com.wzw.study.system.utils.Ognl@isNotEmpty(nameLike)">
				AND bus_left_nav.name like CONCAT('%', CONVERT(#{nameLike}, char) ,'%') 
			</if>
			<if test=" @com.wzw.study.system.utils.Ognl@isNotEmpty(nameBeginLike)">
				AND bus_left_nav.name like CONCAT('', CONVERT(#{nameBeginLike}, char) ,'%') 
			</if>
			<if test=" @com.wzw.study.system.utils.Ognl@isNotEmpty(nameEndLike)">
				AND bus_left_nav.name like CONCAT('%', CONVERT(#{nameEndLike}, char) ,'') 
			</if>
		    <if test=" @com.wzw.study.system.utils.Ognl@isNotEmpty(url)">
				AND bus_left_nav.url = #{url}
			</if>
			<if test=" @com.wzw.study.system.utils.Ognl@isNotEmpty(urlLike)">
				AND bus_left_nav.url like CONCAT('%', CONVERT(#{urlLike}, char) ,'%') 
			</if>
			<if test=" @com.wzw.study.system.utils.Ognl@isNotEmpty(urlBeginLike)">
				AND bus_left_nav.url like CONCAT('', CONVERT(#{urlBeginLike}, char) ,'%') 
			</if>
			<if test=" @com.wzw.study.system.utils.Ognl@isNotEmpty(urlEndLike)">
				AND bus_left_nav.url like CONCAT('%', CONVERT(#{urlEndLike}, char) ,'') 
			</if>
	        <if test=" @com.wzw.study.system.utils.Ognl@isNotEmpty(isShare)">
				AND bus_left_nav.is_share = #{isShare}
			</if>
			<if test=" @com.wzw.study.system.utils.Ognl@isNotEmpty(sort)">
				AND bus_left_nav.sort = #{sort}
			</if>
			<if test=" @com.wzw.study.system.utils.Ognl@isNotEmpty(sortNotEq)">
				AND bus_left_nav.sort &lt;&gt; #{sortNotEq}
			</if>
			<if test=" @com.wzw.study.system.utils.Ognl@isNotEmpty(sortGT)">
				AND bus_left_nav.sort &gt; #{sortGT}
			</if>
			<if test=" @com.wzw.study.system.utils.Ognl@isNotEmpty(sortLT)">
				AND bus_left_nav.sort &lt; #{sortLT}
			</if>
			<if test=" @com.wzw.study.system.utils.Ognl@isNotEmpty(sortGE)">
				AND bus_left_nav.sort &gt;= #{sortGE}
			</if>
			<if test=" @com.wzw.study.system.utils.Ognl@isNotEmpty(sortLE)">
				AND bus_left_nav.sort &lt;= #{sortLE}
			</if>
	
			<if test=" @com.wzw.study.system.utils.Ognl@isNotEmpty(sortList)">
				AND bus_left_nav.sort in
				<foreach collection="sortList" item="id" index="index" open="(" close=")" separator="," >#{id}</foreach>
		    </if>
		    <if test=" @com.wzw.study.system.utils.Ognl@isNotEmpty(sortNotEqList)">
				AND bus_left_nav.sort not in
				<foreach collection="sortNotEqList" item="id" index="index" open="(" close=")" separator="," >#{id}</foreach>
		    </if>
	        <if test=" @com.wzw.study.system.utils.Ognl@isNotEmpty(isLocal)">
				AND bus_left_nav.is_local = #{isLocal}
			</if>
			<if test=" @com.wzw.study.system.utils.Ognl@isNotEmpty(viewTimes)">
				AND bus_left_nav.view_times = #{viewTimes}
			</if>
			<if test=" @com.wzw.study.system.utils.Ognl@isNotEmpty(viewTimesNotEq)">
				AND bus_left_nav.view_times &lt;&gt; #{viewTimesNotEq}
			</if>
			<if test=" @com.wzw.study.system.utils.Ognl@isNotEmpty(viewTimesGT)">
				AND bus_left_nav.view_times &gt; #{viewTimesGT}
			</if>
			<if test=" @com.wzw.study.system.utils.Ognl@isNotEmpty(viewTimesLT)">
				AND bus_left_nav.view_times &lt; #{viewTimesLT}
			</if>
			<if test=" @com.wzw.study.system.utils.Ognl@isNotEmpty(viewTimesGE)">
				AND bus_left_nav.view_times &gt;= #{viewTimesGE}
			</if>
			<if test=" @com.wzw.study.system.utils.Ognl@isNotEmpty(viewTimesLE)">
				AND bus_left_nav.view_times &lt;= #{viewTimesLE}
			</if>
	
			<if test=" @com.wzw.study.system.utils.Ognl@isNotEmpty(viewTimesList)">
				AND bus_left_nav.view_times in
				<foreach collection="viewTimesList" item="id" index="index" open="(" close=")" separator="," >#{id}</foreach>
		    </if>
		    <if test=" @com.wzw.study.system.utils.Ognl@isNotEmpty(viewTimesNotEqList)">
				AND bus_left_nav.view_times not in
				<foreach collection="viewTimesNotEqList" item="id" index="index" open="(" close=")" separator="," >#{id}</foreach>
		    </if>
	        <if test="@com.wzw.study.system.utils.Ognl@isNotEmpty(praiseTimesBegin)">
				AND bus_left_nav.praise_times &gt;= #{praiseTimesBegin}
		    </if>
		    <if test=" @com.wzw.study.system.utils.Ognl@isNotEmpty(praiseTimesEnd)">
				AND bus_left_nav.praise_times &lt;= #{praiseTimesEnd}
		    </if>
		    <if test=" @com.wzw.study.system.utils.Ognl@isNotEmpty(creator)">
				AND bus_left_nav.creator = #{creator}
			</if>
			<if test=" @com.wzw.study.system.utils.Ognl@isNotEmpty(creatorLike)">
				AND bus_left_nav.creator like CONCAT('%', CONVERT(#{creatorLike}, char) ,'%') 
			</if>
			<if test=" @com.wzw.study.system.utils.Ognl@isNotEmpty(creatorBeginLike)">
				AND bus_left_nav.creator like CONCAT('', CONVERT(#{creatorBeginLike}, char) ,'%') 
			</if>
			<if test=" @com.wzw.study.system.utils.Ognl@isNotEmpty(creatorEndLike)">
				AND bus_left_nav.creator like CONCAT('%', CONVERT(#{creatorEndLike}, char) ,'') 
			</if>
			<if test=" @com.wzw.study.system.utils.Ognl@isNotEmpty(creatorId)">
				AND bus_left_nav.creator_id = #{creatorId}
			</if>
			<if test=" @com.wzw.study.system.utils.Ognl@isNotEmpty(creatorIdNotEq)">
				AND bus_left_nav.creator_id &lt;&gt; #{creatorIdNotEq}
			</if>
			<if test=" @com.wzw.study.system.utils.Ognl@isNotEmpty(creatorIdGT)">
				AND bus_left_nav.creator_id &gt; #{creatorIdGT}
			</if>
			<if test=" @com.wzw.study.system.utils.Ognl@isNotEmpty(creatorIdLT)">
				AND bus_left_nav.creator_id &lt; #{creatorIdLT}
			</if>
			<if test=" @com.wzw.study.system.utils.Ognl@isNotEmpty(creatorIdGE)">
				AND bus_left_nav.creator_id &gt;= #{creatorIdGE}
			</if>
			<if test=" @com.wzw.study.system.utils.Ognl@isNotEmpty(creatorIdLE)">
				AND bus_left_nav.creator_id &lt;= #{creatorIdLE}
			</if>
	
			<if test=" @com.wzw.study.system.utils.Ognl@isNotEmpty(creatorIdList)">
				AND bus_left_nav.creator_id in
				<foreach collection="creatorIdList" item="id" index="index" open="(" close=")" separator="," >#{id}</foreach>
		    </if>
		    <if test=" @com.wzw.study.system.utils.Ognl@isNotEmpty(creatorIdNotEqList)">
				AND bus_left_nav.creator_id not in
				<foreach collection="creatorIdNotEqList" item="id" index="index" open="(" close=")" separator="," >#{id}</foreach>
		    </if>
	        <if test="@com.wzw.study.system.utils.Ognl@isNotEmpty(createTimeBegin)">
				AND bus_left_nav.create_time &gt;= #{createTimeBegin}
		    </if>
		    <if test=" @com.wzw.study.system.utils.Ognl@isNotEmpty(createTimeEnd)">
				AND bus_left_nav.create_time &lt;= #{createTimeEnd}
		    </if>
	        <if test="@com.wzw.study.system.utils.Ognl@isNotEmpty(modifyTimeBegin)">
				AND bus_left_nav.modify_time &gt;= #{modifyTimeBegin}
		    </if>
		    <if test=" @com.wzw.study.system.utils.Ognl@isNotEmpty(modifyTimeEnd)">
				AND bus_left_nav.modify_time &lt;= #{modifyTimeEnd}
		    </if>
		</where>
	</sql>
	
	<select id="findPage" resultMap="BusLeftNavRM">
		SELECT 
		<include refid="columns" />
		FROM bus_left_nav as bus_left_nav
	    <include refid="queryWhere"/>
	    <if test="sortColumns != null">
		    ORDER BY ${sortColumns}
		</if>
	    <if test="offset != null and pageSize !=null">
	    	Limit ${offset},${pageSize}
		</if>
	</select>
	
	<select id="pageTotalCount" resultType="long">
        SELECT count(1) FROM bus_left_nav as bus_left_nav 
		<include refid="queryWhere"/>    
    </select>
    <delete id="deleteByMultipleId">
	    DELETE FROM bus_left_nav
	    WHERE
		id in
        	<foreach collection="list" item="id" index="index" open="(" close=")" separator="," > #{id} </foreach>
    </delete>

    <delete id="deleteById">
        DELETE FROM bus_left_nav 
        WHERE
        id = #{id}
    </delete>

	<delete id="deleteByQuery">
		DELETE FROM bus_left_nav
		<include refid="queryWhere"/>
	</delete>
	<insert id="save" useGeneratedKeys="true" keyProperty="id" parameterType="com.wzw.study.business.model.BusLeftNav">
		INSERT INTO bus_left_nav (
			id
			<if test="parentId !=null">
				,parent_id
			</if>
			<if test="name !=null">
				,name
			</if>
			<if test="url !=null">
				,url
			</if>
			<if test="isShare !=null">
				,is_share
			</if>
			<if test="sort !=null">
				,sort
			</if>
			<if test="isLocal !=null">
				,is_local
			</if>
			<if test="viewTimes !=null">
				,view_times
			</if>
			<if test="praiseTimes !=null">
				,praise_times
			</if>
			<if test="creator !=null">
				,creator
			</if>
			<if test="creatorId !=null">
				,creator_id
			</if>
			<if test="createTime !=null">
				,create_time
			</if>
			<if test="modifyTime !=null">
				,modify_time
			</if>
        
        ) VALUES (
			#{id}
			<if test="parentId != null">
				,#{parentId}
			</if>
			<if test="name != null">
				,#{name}
			</if>
			<if test="url != null">
				,#{url}
			</if>
			<if test="isShare != null">
				,#{isShare}
			</if>
			<if test="sort != null">
				,#{sort}
			</if>
			<if test="isLocal != null">
				,#{isLocal}
			</if>
			<if test="viewTimes != null">
				,#{viewTimes}
			</if>
			<if test="praiseTimes != null">
				,#{praiseTimes}
			</if>
			<if test="creator != null">
				,#{creator}
			</if>
			<if test="creatorId != null">
				,#{creatorId}
			</if>
			<if test="createTime != null">
				,#{createTime}
			</if>
			<if test="modifyTime != null">
				,#{modifyTime}
			</if>
        )
	</insert>
	<update id="update" parameterType="com.wzw.study.business.model.BusLeftNav">
    
        UPDATE bus_left_nav 
		<set>
			<if test="@com.wzw.study.system.utils.Ognl@isNotEmpty(parentId)">
				parent_id = #{parentId},
			</if>
			<if test="@com.wzw.study.system.utils.Ognl@isNotEmpty(name)">
				name = #{name},
			</if>
			<if test="@com.wzw.study.system.utils.Ognl@isNotEmpty(url)">
				url = #{url},
			</if>
			<if test="@com.wzw.study.system.utils.Ognl@isNotEmpty(isShare)">
				is_share = #{isShare},
			</if>
			<if test="@com.wzw.study.system.utils.Ognl@isNotEmpty(sort)">
				sort = #{sort},
			</if>
			<if test="@com.wzw.study.system.utils.Ognl@isNotEmpty(isLocal)">
				is_local = #{isLocal},
			</if>
			<if test="@com.wzw.study.system.utils.Ognl@isNotEmpty(viewTimes)">
				view_times = #{viewTimes},
			</if>
			<if test="@com.wzw.study.system.utils.Ognl@isNotEmpty(praiseTimes)">
				praise_times = #{praiseTimes},
			</if>
			<if test="@com.wzw.study.system.utils.Ognl@isNotEmpty(creator)">
				creator = #{creator},
			</if>
			<if test="@com.wzw.study.system.utils.Ognl@isNotEmpty(creatorId)">
				creator_id = #{creatorId},
			</if>
			<if test="@com.wzw.study.system.utils.Ognl@isNotEmpty(createTime)">
				create_time = #{createTime},
			</if>
			<if test="@com.wzw.study.system.utils.Ognl@isNotEmpty(modifyTime)">
				modify_time = #{modifyTime},
			</if>
		</set>
        WHERE 
	        id = #{id} 
	</update>
	
	<select id="getById" resultMap="BusLeftNavRM">
		select 
		<include refid="columns" />
		 from bus_left_nav where id = #{value}
	</select>
	
    <select id="getByMultipleId" resultMap="BusLeftNavRM">
		SELECT 
		<include refid="columns" />
		FROM bus_left_nav as bus_left_nav
		WHERE bus_left_nav.id in
        	<foreach collection="list" item="id" index="index" open="(" close=")" separator="," > #{id} </foreach>          
	</select>
	
	<select id="findList" resultMap="BusLeftNavRM">
    	SELECT 
    	<include refid="columns" />
		FROM bus_left_nav as bus_left_nav
		<include refid="queryWhere"/>
		
		<if test="sortColumns != null">
			ORDER BY ${sortColumns}
		</if>
    </select>
</mapper>

