<?xml version="1.0" encoding="UTF-8" ?>
<!DOCTYPE mapper PUBLIC "-//mybatis.org//DTD Mapper 3.0//EN" "http://mybatis.org/dtd/mybatis-3-mapper.dtd" >
<mapper namespace="com.wzw.study.business.dao.BusWebDao">
	<resultMap id="BusWebRM" type="com.wzw.study.business.model.BusWeb">
        <result property="id" column="id"/>
        <result property="leftNavId" column="left_nav_id"/>
        <result property="content" column="content"/>
        <result property="creator" column="creator"/>
        <result property="creatorId" column="creator_id"/>
        <result property="createTime" column="create_time"/>
        <result property="modifyTime" column="modify_time"/>
	</resultMap>	
	
	<sql id="columns">
	    <![CDATA[
		bus_web.id,
		bus_web.left_nav_id,
		bus_web.content,
		bus_web.creator,
		bus_web.creator_id,
		bus_web.create_time,
		bus_web.modify_time
	    ]]>
	</sql>
	
	<sql id="queryWhere">
		
		<where>	      				
			<if test=" @com.wzw.study.system.utils.Ognl@isNotEmpty(id)">
				AND bus_web.id = #{id}
			</if>
			<if test=" @com.wzw.study.system.utils.Ognl@isNotEmpty(idNotEq)">
				AND bus_web.id &lt;&gt; #{idNotEq}
			</if>
			<if test=" @com.wzw.study.system.utils.Ognl@isNotEmpty(idGT)">
				AND bus_web.id &gt; #{idGT}
			</if>
			<if test=" @com.wzw.study.system.utils.Ognl@isNotEmpty(idLT)">
				AND bus_web.id &lt; #{idLT}
			</if>
			<if test=" @com.wzw.study.system.utils.Ognl@isNotEmpty(idGE)">
				AND bus_web.id &gt;= #{idGE}
			</if>
			<if test=" @com.wzw.study.system.utils.Ognl@isNotEmpty(idLE)">
				AND bus_web.id &lt;= #{idLE}
			</if>
	
			<if test=" @com.wzw.study.system.utils.Ognl@isNotEmpty(idList)">
				AND bus_web.id in
				<foreach collection="idList" item="id" index="index" open="(" close=")" separator="," >#{id}</foreach>
		    </if>
		    <if test=" @com.wzw.study.system.utils.Ognl@isNotEmpty(idNotEqList)">
				AND bus_web.id not in
				<foreach collection="idNotEqList" item="id" index="index" open="(" close=")" separator="," >#{id}</foreach>
		    </if>
			<if test=" @com.wzw.study.system.utils.Ognl@isNotEmpty(leftNavId)">
				AND bus_web.left_nav_id = #{leftNavId}
			</if>
			<if test=" @com.wzw.study.system.utils.Ognl@isNotEmpty(leftNavIdNotEq)">
				AND bus_web.left_nav_id &lt;&gt; #{leftNavIdNotEq}
			</if>
			<if test=" @com.wzw.study.system.utils.Ognl@isNotEmpty(leftNavIdGT)">
				AND bus_web.left_nav_id &gt; #{leftNavIdGT}
			</if>
			<if test=" @com.wzw.study.system.utils.Ognl@isNotEmpty(leftNavIdLT)">
				AND bus_web.left_nav_id &lt; #{leftNavIdLT}
			</if>
			<if test=" @com.wzw.study.system.utils.Ognl@isNotEmpty(leftNavIdGE)">
				AND bus_web.left_nav_id &gt;= #{leftNavIdGE}
			</if>
			<if test=" @com.wzw.study.system.utils.Ognl@isNotEmpty(leftNavIdLE)">
				AND bus_web.left_nav_id &lt;= #{leftNavIdLE}
			</if>
	
			<if test=" @com.wzw.study.system.utils.Ognl@isNotEmpty(leftNavIdList)">
				AND bus_web.left_nav_id in
				<foreach collection="leftNavIdList" item="id" index="index" open="(" close=")" separator="," >#{id}</foreach>
		    </if>
		    <if test=" @com.wzw.study.system.utils.Ognl@isNotEmpty(leftNavIdNotEqList)">
				AND bus_web.left_nav_id not in
				<foreach collection="leftNavIdNotEqList" item="id" index="index" open="(" close=")" separator="," >#{id}</foreach>
		    </if>
		    <if test=" @com.wzw.study.system.utils.Ognl@isNotEmpty(content)">
				AND bus_web.content = #{content}
			</if>
			<if test=" @com.wzw.study.system.utils.Ognl@isNotEmpty(contentLike)">
				AND bus_web.content like CONCAT('%', CONVERT(#{contentLike}, char) ,'%') 
			</if>
			<if test=" @com.wzw.study.system.utils.Ognl@isNotEmpty(contentBeginLike)">
				AND bus_web.content like CONCAT('', CONVERT(#{contentBeginLike}, char) ,'%') 
			</if>
			<if test=" @com.wzw.study.system.utils.Ognl@isNotEmpty(contentEndLike)">
				AND bus_web.content like CONCAT('%', CONVERT(#{contentEndLike}, char) ,'') 
			</if>
		    <if test=" @com.wzw.study.system.utils.Ognl@isNotEmpty(creator)">
				AND bus_web.creator = #{creator}
			</if>
			<if test=" @com.wzw.study.system.utils.Ognl@isNotEmpty(creatorLike)">
				AND bus_web.creator like CONCAT('%', CONVERT(#{creatorLike}, char) ,'%') 
			</if>
			<if test=" @com.wzw.study.system.utils.Ognl@isNotEmpty(creatorBeginLike)">
				AND bus_web.creator like CONCAT('', CONVERT(#{creatorBeginLike}, char) ,'%') 
			</if>
			<if test=" @com.wzw.study.system.utils.Ognl@isNotEmpty(creatorEndLike)">
				AND bus_web.creator like CONCAT('%', CONVERT(#{creatorEndLike}, char) ,'') 
			</if>
			<if test=" @com.wzw.study.system.utils.Ognl@isNotEmpty(creatorId)">
				AND bus_web.creator_id = #{creatorId}
			</if>
			<if test=" @com.wzw.study.system.utils.Ognl@isNotEmpty(creatorIdNotEq)">
				AND bus_web.creator_id &lt;&gt; #{creatorIdNotEq}
			</if>
			<if test=" @com.wzw.study.system.utils.Ognl@isNotEmpty(creatorIdGT)">
				AND bus_web.creator_id &gt; #{creatorIdGT}
			</if>
			<if test=" @com.wzw.study.system.utils.Ognl@isNotEmpty(creatorIdLT)">
				AND bus_web.creator_id &lt; #{creatorIdLT}
			</if>
			<if test=" @com.wzw.study.system.utils.Ognl@isNotEmpty(creatorIdGE)">
				AND bus_web.creator_id &gt;= #{creatorIdGE}
			</if>
			<if test=" @com.wzw.study.system.utils.Ognl@isNotEmpty(creatorIdLE)">
				AND bus_web.creator_id &lt;= #{creatorIdLE}
			</if>
	
			<if test=" @com.wzw.study.system.utils.Ognl@isNotEmpty(creatorIdList)">
				AND bus_web.creator_id in
				<foreach collection="creatorIdList" item="id" index="index" open="(" close=")" separator="," >#{id}</foreach>
		    </if>
		    <if test=" @com.wzw.study.system.utils.Ognl@isNotEmpty(creatorIdNotEqList)">
				AND bus_web.creator_id not in
				<foreach collection="creatorIdNotEqList" item="id" index="index" open="(" close=")" separator="," >#{id}</foreach>
		    </if>
	        <if test="@com.wzw.study.system.utils.Ognl@isNotEmpty(createTimeBegin)">
				AND bus_web.create_time &gt;= #{createTimeBegin}
		    </if>
		    <if test=" @com.wzw.study.system.utils.Ognl@isNotEmpty(createTimeEnd)">
				AND bus_web.create_time &lt;= #{createTimeEnd}
		    </if>
	        <if test="@com.wzw.study.system.utils.Ognl@isNotEmpty(modifyTimeBegin)">
				AND bus_web.modify_time &gt;= #{modifyTimeBegin}
		    </if>
		    <if test=" @com.wzw.study.system.utils.Ognl@isNotEmpty(modifyTimeEnd)">
				AND bus_web.modify_time &lt;= #{modifyTimeEnd}
		    </if>
		</where>
	</sql>
	
	<select id="findPage" resultMap="BusWebRM">
		SELECT 
		<include refid="columns" />
		FROM bus_web as bus_web
	    <include refid="queryWhere"/>
	    <if test="sortColumns != null">
		    ORDER BY ${sortColumns}
		</if>
	    <if test="offset != null and pageSize !=null">
	    	Limit ${offset},${pageSize}
		</if>
	</select>
	
	<select id="pageTotalCount" resultType="long">
        SELECT count(1) FROM bus_web as bus_web 
		<include refid="queryWhere"/>    
    </select>
    <delete id="deleteByMultipleId">
	    DELETE FROM bus_web
	    WHERE
		id in
        	<foreach collection="list" item="id" index="index" open="(" close=")" separator="," > #{id} </foreach>
    </delete>

    <delete id="deleteById">
        DELETE FROM bus_web 
        WHERE
        id = #{id}
    </delete>

	<delete id="deleteByQuery">
		DELETE FROM bus_web
		<include refid="queryWhere"/>
	</delete>
	<insert id="save" useGeneratedKeys="true" keyProperty="id" parameterType="com.wzw.study.business.model.BusWeb">
		INSERT INTO bus_web (
			id
			<if test="leftNavId !=null">
				,left_nav_id
			</if>
			<if test="content !=null">
				,content
			</if>
			<if test="creator !=null">
				,creator
			</if>
			<if test="creatorId !=null">
				,creator_id
			</if>
			<if test="createTime !=null">
				,create_time
			</if>
			<if test="modifyTime !=null">
				,modify_time
			</if>
        
        ) VALUES (
			#{id}
			<if test="leftNavId != null">
				,#{leftNavId}
			</if>
			<if test="content != null">
				,#{content}
			</if>
			<if test="creator != null">
				,#{creator}
			</if>
			<if test="creatorId != null">
				,#{creatorId}
			</if>
			<if test="createTime != null">
				,#{createTime}
			</if>
			<if test="modifyTime != null">
				,#{modifyTime}
			</if>
        )
	</insert>
	<update id="update" parameterType="com.wzw.study.business.model.BusWeb">
    
        UPDATE bus_web 
		<set>
			<if test="@com.wzw.study.system.utils.Ognl@isNotEmpty(leftNavId)">
				left_nav_id = #{leftNavId},
			</if>
			<if test="@com.wzw.study.system.utils.Ognl@isNotEmpty(content)">
				content = #{content},
			</if>
			<if test="@com.wzw.study.system.utils.Ognl@isNotEmpty(creator)">
				creator = #{creator},
			</if>
			<if test="@com.wzw.study.system.utils.Ognl@isNotEmpty(creatorId)">
				creator_id = #{creatorId},
			</if>
			<if test="@com.wzw.study.system.utils.Ognl@isNotEmpty(createTime)">
				create_time = #{createTime},
			</if>
			<if test="@com.wzw.study.system.utils.Ognl@isNotEmpty(modifyTime)">
				modify_time = #{modifyTime},
			</if>
		</set>
        WHERE 
	        id = #{id} 
	</update>
	
	<select id="getById" resultMap="BusWebRM">
		select 
		<include refid="columns" />
		 from bus_web where id = #{value}
	</select>
	
    <select id="getByMultipleId" resultMap="BusWebRM">
		SELECT 
		<include refid="columns" />
		FROM bus_web as bus_web
		WHERE bus_web.id in
        	<foreach collection="list" item="id" index="index" open="(" close=")" separator="," > #{id} </foreach>          
	</select>
	
	<select id="findList" resultMap="BusWebRM">
    	SELECT 
    	<include refid="columns" />
		FROM bus_web as bus_web
		<include refid="queryWhere"/>
		
		<if test="sortColumns != null">
			ORDER BY ${sortColumns}
		</if>
    </select>
</mapper>

